{"cameraMode":{"drawMode":0,"name":"Shaded","section":"Shading Mode"},"sceneLighting":true,"audioPlay":false,"sceneViewState":{"m_AlwaysRefresh":false,"showFog":true,"showSkybox":true,"showFlares":true,"showImageEffects":true,"showParticleSystems":true,"showVisualEffectGraphs":true,"m_FxEnabled":true},"in2DMode":false,"pivot":{"x":40.12049865722656,"y":1.8327816724777222,"z":33.660316467285159},"rotation":{"x":0.09200132638216019,"y":0.8978742957115173,"z":-0.224317267537117,"w":0.36845698952674868},"size":2.0443108081817629,"orthographic":true}